番号,単語,発音記号,品詞,意味,補足,例文,例文訳
1,agree,/əˈɡriː/,動詞,同意する、賛成する、意見が一致する,主に agree with 人 や agree to 提案 の形で用います。他動詞的に that 節を続けることもできます。,My cat and I finally agree on one thing: the sofa belongs to him.,うちの猫と私は、ついに一つだけ意見が一致した。ソファは彼のものだ、と。
2,oppose,/əˈpoʊz/,動詞,反対する、対抗する,他動詞なので、後ろに前置詞を挟まず直接目的語を取ります（例：oppose the bill）。,The whole committee opposed my idea, so naturally I knew it was brilliant.,委員会全員が私の案に反対した。つまりこの案が天才的だと、私は確信した。
3,advise,/ədˈvaɪz/,動詞,助言する、忠告する、勧める,名詞形の advice /ədˈvaɪs/（不可算名詞）とは、スペルと発音が異なる点に注意しましょう。,The doctor advised me to relax, which is the most stressful advice I have ever received.,医者は私にリラックスするよう助言した。人生で最もストレスのたまる助言だった。
4,tip,/tɪp/,名詞、動詞,【名】秘訣、チップ、先端<br>【動】傾ける、チップを渡す,日常会話では「役立つアドバイス、コツ」の意味で頻繁に使われます。文脈によって意味が大きく変わる多義語です。,"【名】""Here is a tip,"" said the waiter, spilling coffee on my laptop. ""Always back up your files.""<br>【動】He tipped his chair back too far and discovered gravity the hard way.","【名】「一つ秘訣を」とウェイターは言い、私のノートPCにコーヒーをこぼした。「ファイルは必ずバックアップしておけ」<br>【動】彼は椅子を後ろに傾けすぎ、重力というものを身をもって思い知った。"
5,discuss,/dɪˈskʌs/,動詞,議論する、話し合う,他動詞なので、discuss about とはせず、直後に目的語を置きます。,We spent three hours discussing where to eat and then ordered pizza, as always.,私たちは三時間かけてどこで食べるか議論し、そしていつも通りピザを注文した。
6,blame,/bleɪm/,動詞、名詞,【動】非難する、〜のせいにする<br>【名】非難、責任,blame A for B（B のことで A を非難する）の形で頻出します。,"【動】Don't blame the dog. We both know who really ate the cake, and I am watching you.<br>【名】When the plan collapsed, everyone suddenly forgot whose idea it was and the blame vanished into thin air.","【動】犬のせいにするな。誰が本当にケーキを食ったか、二人とも分かってるよな。見てるからな。<br>【名】計画が破綻した途端、誰の案だったか皆が急に忘れ、責任は跡形もなく消え去った。"
7,argue,/ˈɑːrɡjuː/,動詞,主張する、議論する、口論する,自分の主張を通すために論争する、または言い争うニュアンスを含みます。,My parents argue about the thermostat every winter as if it were a national election.,うちの両親は毎冬、まるで国政選挙かのようにサーモスタットの設定をめぐって口論する。
8,claim,/kleɪm/,動詞、名詞,【動】主張する、要求する<br>【名】主張、請求,正当な権利として事実を主張する表現です。日本語の「クレーム（苦情）」とは意味が異なります。,"【動】He claims he invented the sandwich, but so does everyone at that party.<br>【名】Her claim that she never sleeps was undermined by the snoring during the meeting.","【動】彼はサンドイッチを発明したのは自分だと主張するが、あのパーティーの参加者全員が同じことを言っている。<br>【名】自分は決して眠らないという彼女の主張は、会議中のいびきによって覆された。"
9,complain,/kəmˈpleɪn/,動詞,不平を言う、不満を漏らす,complain about / of ...（〜について不満を言う）の形でよく使います。,He complained about the silence so loudly that no one could enjoy it anymore.,彼があまりに大声で静けさに文句を言うので、もう誰もその静けさを楽しめなくなった。
10,offer,/ˈɔːfər/,動詞、名詞,【動】提供する、申し出る<br>【名】申し出、提供,offer A B（A に B を提供する）のように、第四文型をとることができます。,"【動】She offered to help me move, then remembered she had plans until the year 3000.<br>【名】The offer sounded too good to be true, which is usually the universe's way of warning you.","【動】彼女は引っ越しを手伝うと申し出たが、その後、西暦3000年まで予定があるのを思い出した。<br>【名】その申し出はうますぎる話に聞こえた。たいていそれは、宇宙からの警告というものだ。"
11,suggest,/səɡˈdʒest/,動詞,提案する、暗示する、示す,控えめに提案するニュアンスです。that 節内の動詞は原形（または should + 原形）になります。,I suggested we save money, and everyone suggested we ignore me.,私は節約しようと提案したが、皆は私を無視しようと提案した。
12,recommend,/ˌrekəˈmend/,動詞,勧める、推薦する,専門知識や経験に基づいて「〜を勧める」場合に使います。recommend doing の形も重要です。,The critic recommended the restaurant highly, which explains the two-hour wait for cold soup.,その評論家はこのレストランを強く推薦した。冷めたスープを二時間待たされた理由がこれで分かる。
13,grateful,/ˈɡreɪtfl/,形容詞,感謝している、ありがたく思う,be grateful to 人 for 事柄（人の事柄に感謝する）の形で使われます。,I am deeply grateful to whoever invented coffee, though I suspect they never slept again.,コーヒーを発明した人物が誰であれ、私は心から感謝している。もっとも、その人は二度と眠れなかっただろうが。
14,apologize,/əˈpɑːlədʒaɪz/,動詞,謝る、謝罪する,自動詞なので、apologize to 人 for 事柄（人に事柄を謝る）と前置詞が必要です。,He apologized so many times that the apology itself became annoying.,彼はあまりに何度も謝るので、その謝罪自体がうっとうしくなってきた。
15,excuse,/ɪkˈskjuːs/ (名詞) /ɪkˈskjuːz/ (動詞),名詞、動詞,【名】言い訳、弁明<br>【動】許す、免除する,名詞は末尾が /s/、動詞は濁って /z/ になります。Excuse me. は「失礼します」の定番表現です。,"【名】""My dog ate my homework"" is a weak excuse when you clearly do not own a dog.<br>【動】Please excuse my late reply; I was busy ignoring my inbox with great dedication.","【名】「犬が宿題を食べた」は、犬を飼っていないのが明らかな場合、実に苦しい言い訳だ。<br>【動】返信が遅れたことをお許しください。多大な献身をもって受信箱を無視するのに忙しかったのです。"
16,celebrate,/ˈselɪbreɪt/,動詞,祝う、記念式を行う,特定の日（誕生日や記念日）や行事を祝う際に使います（人を直接祝う表現ではありません）。,We celebrated finishing the project by immediately starting to worry about the next one.,私たちはプロジェクトの完了を祝い、その祝い方として即座に次の心配を始めた。
17,congratulate,/kənˈɡrætʃuleɪt/,動詞,祝う、お祝いを言う,congratulate 人 on 事柄 の形で、人の成功や幸運に対して直接お祝いを言います。,Everyone congratulated him on the promotion he had spent five years pretending not to want.,彼が五年間ずっと欲しくないふりをしてきた昇進を、皆が祝福した。
18,admire,/ədˈmaɪər/,動詞,感嘆する、賞賛する、敬愛する,人の才能、行為、美しさなどに深く感心し、尊敬の念を抱く場合に使われます。,I admire people who can wake up early; from a safe and horizontal distance.,私は早起きできる人を尊敬している。安全な、水平な距離を保ったままで。
19,impress,/ɪmˈpres/,動詞,感銘を与える、印象づける,主に受動態 be impressed by / with（〜に深く感動する）の形で頻出します。,He tried to impress her with card tricks, but she was only impressed by his confidence in failing.,彼はカードマジックで彼女を感動させようとしたが、彼女が感心したのは失敗し続ける彼の自信だけだった。
20,award,/əˈwɔːrd/,名詞、動詞,【名】賞、賞品<br>【動】授与する、賞を与える,審査などを経て公式に授与される賞（例：Academy Award）を指します。,"【名】He keeps his ""World's Okayest Employee"" award on the desk with genuine pride.<br>【動】The committee awarded the prize to the only person who actually submitted an entry.","【名】彼は「世界で最もそこそこな社員」賞を、心からの誇りとともに机に飾っている。<br>【動】委員会はその賞を、実際に応募した唯一の人物に授与した。"
21,explain,/ɪkˈspleɪn/,動詞,説明する、明らかにする,explain 事柄 to 人 の形で用い、explain 人 事柄 という語順は取れません。,He explained the rules for twenty minutes, and we understood the game slightly less than before.,彼は二十分かけてルールを説明し、その結果、私たちは前より少しだけそのゲームが分からなくなった。
22,describe,/dɪˈskraɪb/,動詞,（特徴などを）説明する、描写する,言葉によって対象の外観、性質、状況などを詳細に表現することを意味します。,She described her cooking as "creative," which is how we all learned to fear dinner.,彼女は自分の料理を「創造的」と表現した。こうして私たちは皆、夕食を恐れることを学んだ。
23,communicate,/kəˈmjuːnɪkeɪt/,動詞,伝える、意思疎通する、連絡を取る,communicate with 人（人と意思疎通をはかる）の形でよく用いられます。,My plants and I communicate perfectly: I ignore them, and they die to express disappointment.,私と観葉植物は完璧に意思疎通できている。私が無視すると、彼らは失望を表現するために枯れるのだ。
24,express,/ɪkˈspres/,動詞、形容詞、名詞,【動】表現する、表す<br>【形】急行の、明確な<br>【名】急行列車,動詞としては、感情や意図、思想を言葉や態度で外に表すことを言います。,"【動】He expressed his feelings through interpretive dance, and everyone expressed theirs by leaving.<br>【形】She took the express train to avoid small talk, only to sit beside her chattiest neighbor.<br>【名】The express roared past our tiny station without the slightest intention of stopping.","【動】彼は感情を創作ダンスで表現し、そして全員が退室することで自分の感情を表現した。<br>【形】彼女は世間話を避けるため急行列車に乗ったが、よりによって最もおしゃべりな隣人の横に座る羽目になった。<br>【名】急行列車は、停まる気などみじんもなく、我々の小さな駅を轟音とともに通過していった。"
25,promise,/ˈprɑːmɪs/,動詞、名詞,【動】約束する<br>【名】約束、見込み、将来性,名詞として「（将来の）見込み、有望さ」の意味でも用いられます。,"【動】He promised to be on time, a promise as reliable as a chocolate teapot.<br>【名】The young player showed great promise, right up until he discovered video games.","【動】彼は時間通りに来ると約束した。チョコレート製のティーポットくらい信頼できる約束だった。<br>【名】その若い選手は大きな将来性を見せていた。テレビゲームを覚えるまでは、だが。"
26,information,/ˌɪnfərˈmeɪʃn/,名詞,情報、案内、知識,代表的な不可算名詞（数えられない名詞）で、an information や複数形にはできません。,The internet gave us infinite information and, in return, took our ability to remember phone numbers.,インターネットは私たちに無限の情報を与え、その見返りに、電話番号を覚える能力を奪っていった。
27,technology,/tekˈnɑːlədʒi/,名詞,科学技術、テクノロジー,科学的知識を工業や実用に役立てる、応用技術全般を指します。,Technology was supposed to give us more free time, so naturally we now work from anywhere, at all hours.,テクノロジーは私たちに自由時間を増やすはずだった。だから当然、今や私たちはどこでも、四六時中働いている。
28,research,/rɪˈsɜːrtʃ/,名詞、動詞,【名】研究、調査<br>【動】研究する、調査する,体系的な調査・研究を指し、不可算名詞として扱われることが多いです。,"【名】After hours of careful research, he confidently bought the second-worst option available.<br>【動】She researched the topic so thoroughly that she forgot the deadline was yesterday.","【名】何時間もの入念な調査の末、彼は自信満々に、二番目に最悪な選択肢を購入した。<br>【動】彼女はそのテーマを徹底的に調べすぎて、締め切りが昨日だったことを忘れていた。"
29,material,/məˈtɪriəl/,名詞、形容詞,【名】材料、素材、資料、生地<br>【形】物質的な、具体的な,工業の原材料や衣服の生地から、講義・学習用の資料（教材）まで広く指します。,"【名】He gathered all the materials for the project and then used them to build a very nice fort.<br>【形】She insisted her happiness was not material, while online-shopping at 3 a.m.","【名】彼はプロジェクトの材料を全部集め、それを使って実に立派な要塞を作った。<br>【形】彼女は自分の幸福は物質的なものではないと言い張った。午前三時にネット通販をしながら。"
30,artificial,/ˌɑːrtɪˈfɪʃl/,形容詞,人工の、造り物の、不自然な,artificial intelligence（AI：人工知能）や artificial flowers などの形で使われます。,The flowers were artificial, but so was his smile, so the whole scene matched perfectly.,花は造花だったが、彼の笑顔も同じく作り物だったので、その光景全体が見事に調和していた。
31,electric,/ɪˈlektrɪk/,形容詞,電気の、電動の,電気で動く、または電気を発生するものを指します（例：electric guitar, electric car）。,The atmosphere in the room was electric, mostly because someone had spilled water near the outlet.,部屋の空気は張りつめて（電気を帯びて）いた。主に、誰かがコンセントの近くに水をこぼしたせいで。
32,invent,/ɪnˈvent/,動詞,発明する、でっち上げる,今までにない新しい物や機械を生み出すこと、また言い訳をでっち上げる意味もあります。,He invented a brilliant excuse, which was far more creative than any work he had actually done.,彼は見事な言い訳をでっち上げた。それは彼が実際にやった仕事のどれよりも、はるかに独創的だった。
33,discover,/dɪˈskʌvər/,動詞,発見する、知る、見つける,すでに存在していたが、まだ一般に知られていなかったものを見つけ出すことを指します。,I discovered a strange leftover in the fridge and decided that some mysteries are better left unsolved.,私は冷蔵庫の中に奇妙な残り物を発見し、そして、解かないほうがいい謎もあると判断した。
34,develop,/dɪˈveləp/,動詞,開発する、発達させる、発展する,技術や地域の開発、筋肉の発達のほか、病気を「発症する」という意味もあります。,He spent years developing a new app and, along the way, developed a deep hatred for meetings.,彼は何年もかけて新しいアプリを開発し、その過程で、会議に対する深い憎しみを発達させた。
35,skill,/skɪl/,名詞,技術、技能、技量,訓練や経験によって習得される、特定の仕事や活動をこなす熟練した力を指します。,Her greatest skill is looking busy, a talent that has carried her through three promotions.,彼女の最大の技術は、忙しそうに見せることだ。その才能が、三度の昇進を彼女にもたらしてきた。
36,ability,/əˈbɪləti/,名詞,能力、才能、手腕,物事を行うための知能的・体力的な「能力」全般を指します。ability to do の形で使います。,He has the rare ability to fall asleep anywhere, including, apparently, his own presentation.,彼はどこでも眠れるという稀有な能力を持っている。どうやら、自分自身のプレゼン中も含めて、だ。
37,talent,/ˈtælənt/,名詞,才能、素質,生まれつき備わっている、特別で高い「天賦の才能」を指すことが多いです。,She has a real talent for finding the one parking space that does not exist.,彼女には、存在しないはずの唯一の駐車スペースを見つけ出す、本物の才能がある。
38,effort,/ˈefərt/,名詞,努力、骨折り、苦労,make an effort で「努力する」という必須のイディオムになります。,He put enormous effort into avoiding effort, which was, ironically, exhausting.,彼は努力を避けることに多大な努力を注いだ。皮肉なことに、それは実に疲れる作業だった。
39,practice,/ˈpræktɪs/,名詞、動詞,【名】練習、実践、習慣、開業<br>【動】練習する、実践する,医師や弁護士などが事務所を「開業して活動する」の意味でも用いられます。,"【名】In theory, theory and practice are the same. In practice, they are not.<br>【動】She practices the piano every day, and every day her neighbors practice their patience.","【名】理論上は、理論と実践は同じである。実践上は、そうではない。<br>【動】彼女は毎日ピアノを練習し、そして隣人たちは毎日、忍耐の実践を積んでいる。"
40,achieve,/əˈtʃiːv/,動詞,達成する、成し遂げる、獲得する,努力や時間をかけ、困難を乗り越えた末に目的や目標を果たすニュアンスです。,After months of hard work, she finally achieved her goal of doing absolutely nothing all weekend.,数ヶ月の猛烈な努力の末、彼女はついに、週末まるまる何もしないという目標を達成した。
41,manage,/ˈmænɪdʒ/,動詞,管理する、経営する、何とかやり遂げる,manage to do で「何とか〜し遂げる、どうにかやりくりして〜する」となります。,Somehow he managed to lose his keys, his phone, and his dignity all in a single morning.,彼はどういうわけか、鍵と携帯電話と尊厳を、たった一つの午前中にすべて失うことをやってのけた。
42,improve,/ɪmˈpruːv/,動詞,改善する、向上させる、良くなる,状態、質、価値、能力などを、以前より良いものに高めることを表します。,My cooking has improved dramatically; the smoke alarm now goes off only twice a week.,私の料理の腕は劇的に向上した。今や火災報知器が鳴るのは、週にたった二回だけだ。
43,produce,/prəˈduːs/ (動詞) /ˈproʊduːs/ (名詞),動詞、名詞,【動】生産する、引き起こす<br>【名】農産物,名詞の場合は「（野菜や果物などの）農産物」を指し、アクセントが前に移動します。,"【動】The factory produces thousands of umbrellas daily, none of which are ever there when it rains.<br>【名】She buys fresh produce every week and lets it rot in the drawer with great consistency.","【動】その工場は毎日何千本もの傘を生産するが、雨が降るときにそこにある傘は一本もない。<br>【名】彼女は毎週新鮮な農産物を買い、そして実に安定して、それを野菜室で腐らせる。"
44,create,/kriˈeɪt/,動詞,創造する、作り出す,独自のアイディアや行動で、これまでにない新しい状態や形を生み出します。,He set out to create a masterpiece and instead created a mess that even he admired.,彼は傑作を創造しようと意気込み、代わりに、彼自身でさえ感嘆するほどの惨状を作り出した。
45,establish,/ɪˈstæblɪʃ/,動詞,設立する、確立する、制定する,組織を設けるほか、信頼や学説を確固たるものにする意味もあります。,It took him one week to establish the company and one day to establish that he hated running it.,会社を設立するのに一週間、その経営が大嫌いだと確信するのに一日かかった。
46,form,/fɔːrm/,名詞、動詞,【名】形、形態、用紙、書式<br>【動】形づくる、結成する,申込書などの「用紙・フォーム」という意味も非常に重要です（例：application form）。,"【名】He stared at the form for an hour, defeated entirely by the box marked ""optional.""<br>【動】They formed a band, agreed on nothing, and broke up before choosing a name.","【名】彼は一時間その用紙をにらみつけ、「任意」と書かれた欄に完全に打ちのめされた。<br>【動】彼らはバンドを結成し、何一つ意見が合わず、名前を決める前に解散した。"
47,save,/seɪv/,動詞、前置詞,【動】救う、貯金する、節約する、保存する<br>【前】〜を除いて,前置詞として except と同様に「〜を除いて」の意味で用いられることがあります（文語的）。,"【動】He saves money by never leaving the house, and saves time by never answering anyone.<br>【前】Everyone came to the party, save the one person who had actually organized it.","【動】彼は決して家を出ないことで金を節約し、決して誰にも返事をしないことで時間を節約している。<br>【前】そのパーティーには全員が来た。実際にそれを企画した、ただ一人を除いて。"
48,medicine,/ˈmedɪsn/,名詞,薬、医学,take medicine で「薬を飲む」となります。液状や錠剤などの内服薬全般を指します。,He refused to take his medicine until he read online that avoiding it was somehow worse.,彼は薬を飲むのを拒み続けたが、飲まないほうがなぜか悪いとネットで読んで、ようやく折れた。
49,patient,/ˈpeɪʃnt/,名詞、形容詞,【名】患者<br>【形】忍耐強い、我慢強い,形容詞に対応する名詞形は patience（忍耐、我慢強さ）になります。,"【名】The patient described his symptoms in such detail that the doctor began to feel unwell.<br>【形】Be patient with the printer; it can smell fear and jams accordingly.","【名】その患者があまりに事細かに症状を説明するので、医者のほうが気分が悪くなってきた。<br>【形】プリンターには辛抱強く接することだ。奴は恐怖の匂いを嗅ぎ取り、それに応じて紙を詰まらせる。"
50,condition,/kənˈdɪʃn/,名詞、動詞,【名】状態、健康状態、条件<br>【動】条件づける、調整する,on condition that ... で「〜という条件で」と、接続詞のように使われます。,"【名】The car was in perfect condition, if you ignored the engine, the brakes, and the doors.<br>【動】Years of office life had conditioned him to flinch at the words ""quick meeting.""","【名】その車は完璧な状態だった。エンジンとブレーキとドアを無視すれば、の話だが。<br>【動】長年の会社生活は、彼が「ちょっとした打ち合わせ」という言葉にたじろぐよう、条件づけていた。"
